event_id,timestamp_min,robot_id,state,duration_min,task_type,order_id,battery_pct_start,battery_pct_end,fault_code
E000001,0,R01,WORK,9,PICK,ORD0001,95,76,
E000002,0,R02,WORK,3,PICK,ORD0009,62,55,
E000003,0,R03,IDLE,12,IDLE,,56,51,
E000004,0,R04,WORK,10,PICK,ORD0010,72,60,
E000005,0,R05,IDLE,16,IDLE,,70,61,
E000006,0,R06,IDLE,15,IDLE,,69,62,
E000007,0,R07,WORK,7,PICK,ORD0003,63,48,
E000008,0,R08,IDLE,5,IDLE,,61,60,
E000009,0,R09,WORK,4,PICK,ORD0006,98,91,
E000010,0,R10,IDLE,16,IDLE,,89,84,
E000011,3,R02,WORK,10,PICK,ORD0009,55,32,
E000012,4,R09,IDLE,5,IDLE,,91,89,
E000013,5,R08,WORK,12,PICK,ORD0015,60,34,
E000014,7,R07,WORK,4,PICK,ORD0001,48,41,
E000015,9,R01,FAULT,7,,,76,74,MECH_FAILURE
E000016,9,R09,WORK,4,PICK,ORD0014,89,83,
E000017,10,R04,WORK,7,PICK,ORD0008,60,47,
E000018,11,R07,WORK,8,PICK,ORD0006,41,32,
E000019,12,R03,WORK,4,PICK,ORD0010,51,42,
E000020,13,R02,IDLE,7,IDLE,,32,29,
E000021,13,R09,WORK,9,PICK,ORD0005,83,64,
E000022,15,R06,IDLE,12,IDLE,,62,58,
E000023,16,R01,WORK,8,PICK,ORD0014,74,55,
E000024,16,R03,WORK,3,PICK,ORD0013,42,35,
E000025,16,R05,WORK,6,PICK,ORD0015,61,48,
E000026,16,R10,IDLE,9,IDLE,,84,82,
E000027,17,R04,WORK,10,PICK,ORD0007,47,30,
E000028,17,R08,IDLE,6,IDLE,,34,33,
E000029,19,R03,WORK,6,PICK,ORD0012,35,27,
E000030,19,R07,WORK,12,PICK,ORD0007,32,8,
E000031,20,R02,IDLE,7,IDLE,,29,26,
E000032,22,R05,IDLE,6,IDLE,,48,45,
E000033,22,R09,WORK,4,PICK,ORD0013,64,58,
E000034,23,R08,WORK,5,PICK,ORD0013,33,25,
E000035,24,R01,IDLE,10,IDLE,,55,52,
E000036,25,R03,IDLE,11,IDLE,,27,25,
E000037,25,R10,WORK,11,PICK,ORD0014,82,68,
E000038,26,R09,IDLE,5,IDLE,,58,56,
E000039,27,R02,IDLE,12,IDLE,,26,23,
E000040,27,R04,IDLE,16,IDLE,,30,23,
E000041,27,R06,IDLE,5,IDLE,,58,56,
E000042,28,R05,WORK,5,PICK,ORD0008,45,34,
E000043,28,R08,IDLE,5,IDLE,,25,24,
E000044,31,R07,CHARGE,19,CHARGE,,8,100,
E000045,31,R09,IDLE,14,IDLE,,56,49,
E000046,32,R06,WORK,6,PICK,ORD0003,56,46,
E000047,33,R05,FAULT,8,,,34,32,MECH_FAILURE
E000048,33,R08,WORK,11,PICK,ORD0015,24,8,
E000049,34,R01,WORK,8,PICK,ORD0015,52,42,
E000050,36,R03,IDLE,7,IDLE,,25,23,
E000051,36,R10,WORK,12,PICK,ORD0002,68,55,
E000052,38,R06,WORK,4,PICK,ORD0013,46,38,
E000053,39,R02,WORK,10,PICK,ORD0009,23,3,
E000054,41,R05,IDLE,13,IDLE,,32,26,
E000055,42,R01,WORK,6,PICK,ORD0015,42,29,
E000056,42,R06,IDLE,7,IDLE,,38,36,
E000057,43,R03,IDLE,10,IDLE,,23,19,
E000058,43,R04,IDLE,14,IDLE,,23,20,
E000059,44,R08,FAULT,9,,,8,5,BATTERY_LOW
E000060,45,R09,WORK,11,PICK,ORD0008,49,35,
E000061,48,R01,WORK,8,PICK,ORD0001,29,13,
E000062,48,R10,WORK,6,PICK,ORD0001,55,45,
E000063,49,R02,CHARGE,16,CHARGE,,3,100,
E000064,49,R06,WORK,4,PICK,ORD0015,36,28,
E000065,50,R07,WORK,7,PICK,ORD0011,100,87,
E000066,53,R03,CHARGE,14,CHARGE,,19,100,
E000067,53,R06,FAULT,9,,,28,25,NAV_ERROR
E000068,53,R08,CHARGE,8,CHARGE,,5,44,
E000069,54,R05,IDLE,13,IDLE,,26,24,
E000070,54,R10,IDLE,7,IDLE,,45,43,
E000071,56,R01,CHARGE,18,CHARGE,,13,93,
E000072,56,R09,IDLE,10,IDLE,,35,32,
E000073,57,R04,CHARGE,9,CHARGE,,20,86,
E000074,57,R07,WORK,9,PICK,ORD0006,87,74,
E000075,61,R08,WORK,3,PICK,ORD0011,44,40,
E000076,61,R10,IDLE,4,IDLE,,43,42,
E000077,62,R06,IDLE,9,IDLE,,25,23,
E000078,64,R08,IDLE,5,IDLE,,40,38,
E000079,65,R02,WORK,6,PICK,ORD0009,100,89,
E000080,65,R10,WORK,7,PICK,ORD0008,42,27,
E000081,66,R04,IDLE,11,IDLE,,86,81,
E000082,66,R07,IDLE,12,IDLE,,74,70,
E000083,66,R09,WORK,11,PICK,ORD0014,32,8,
E000084,67,R03,WORK,10,PICK,ORD0008,100,89,
E000085,67,R05,IDLE,4,IDLE,,24,23,
E000086,69,R08,WORK,3,PICK,ORD0007,38,32,
E000087,71,R02,IDLE,11,IDLE,,89,85,
E000088,71,R05,WORK,11,PICK,ORD0011,23,9,
E000089,71,R06,WORK,7,PICK,ORD0004,23,11,
E000090,72,R08,IDLE,12,IDLE,,32,29,
E000091,72,R10,WORK,8,PICK,ORD0001,27,11,
E000092,74,R01,WORK,11,PICK,ORD0002,93,75,
E000093,77,R03,WORK,4,PICK,ORD0011,89,83,
E000094,77,R04,WORK,12,PICK,ORD0004,81,58,
E000095,77,R09,FAULT,5,,,8,7,MECH_FAILURE
E000096,78,R06,CHARGE,6,CHARGE,,11,42,
E000097,78,R07,IDLE,10,IDLE,,70,68,
E000098,80,R10,FAULT,11,,,11,8,MECH_FAILURE
E000099,81,R03,IDLE,13,IDLE,,83,80,
E000100,82,R02,WORK,7,PICK,ORD0004,85,69,
E000101,82,R05,CHARGE,11,CHARGE,,9,92,
E000102,82,R09,CHARGE,9,CHARGE,,7,67,
E000103,84,R06,WORK,5,PICK,ORD0011,42,35,
E000104,84,R08,IDLE,16,IDLE,,29,20,
E000105,85,R01,IDLE,4,IDLE,,75,73,
E000106,88,R07,WORK,12,PICK,ORD0002,68,44,
E000107,89,R01,WORK,7,PICK,ORD0003,73,61,
E000108,89,R02,IDLE,7,IDLE,,69,67,
E000109,89,R04,WORK,5,PICK,ORD0008,58,52,
E000110,89,R06,IDLE,13,IDLE,,35,28,
E000111,91,R09,IDLE,16,IDLE,,67,62,
E000112,91,R10,CHARGE,16,CHARGE,,8,79,
E000113,93,R05,WORK,11,PICK,ORD0005,92,76,
E000114,94,R03,WORK,5,PICK,ORD0005,80,71,
E000115,94,R04,WORK,11,PICK,ORD0003,52,37,
E000116,96,R01,IDLE,15,IDLE,,61,54,
E000117,96,R02,WORK,7,PICK,ORD0009,67,52,
E000118,99,R03,IDLE,4,IDLE,,71,69,
E000119,100,R07,WORK,9,PICK,ORD0014,44,29,
E000120,100,R08,CHARGE,6,CHARGE,,20,58,
E000121,102,R06,IDLE,6,IDLE,,28,26,
E000122,103,R02,IDLE,8,IDLE,,52,49,
E000123,103,R03,WORK,10,PICK,ORD0009,69,57,
E000124,104,R05,IDLE,5,IDLE,,76,74,
E000125,105,R04,WORK,5,PICK,ORD0009,37,31,
E000126,106,R08,WORK,11,PICK,ORD0003,58,39,
E000127,107,R09,WORK,8,PICK,ORD0015,62,50,
E000128,107,R10,IDLE,4,IDLE,,79,78,
E000129,108,R06,IDLE,7,IDLE,,26,25,
E000130,109,R05,IDLE,14,IDLE,,74,69,
E000131,109,R07,WORK,11,PICK,ORD0015,29,14,
E000132,110,R04,IDLE,15,IDLE,,31,23,
E000133,111,R01,WORK,6,PICK,ORD0014,54,43,
E000134,111,R02,IDLE,6,IDLE,,49,47,
E000135,111,R10,IDLE,4,IDLE,,78,76,
E000136,113,R03,WORK,8,PICK,ORD0013,57,48,
E000137,115,R06,IDLE,15,IDLE,,25,17,
E000138,115,R09,IDLE,8,IDLE,,50,47,
E000139,115,R10,WORK,4,PICK,ORD0007,76,68,
E000140,117,R01,IDLE,7,IDLE,,43,42,
E000141,117,R02,WORK,10,PICK,ORD0006,47,30,
E000142,117,R08,IDLE,7,IDLE,,39,37,
E000143,119,R10,WORK,6,PICK,ORD0007,68,54,
E000144,120,R07,CHARGE,19,CHARGE,,14,100,
E000145,121,R03,WORK,7,PICK,ORD0006,48,36,
E000146,123,R05,WORK,11,PICK,ORD0006,69,53,
E000147,123,R09,WORK,7,PICK,ORD0003,47,36,
E000148,124,R01,IDLE,4,IDLE,,42,41,
E000149,124,R08,WORK,9,PICK,ORD0006,37,22,
E000150,125,R04,IDLE,13,IDLE,,23,21,
E000151,125,R10,IDLE,5,IDLE,,54,52,
E000152,127,R02,IDLE,13,IDLE,,30,23,
E000153,128,R01,WORK,3,PICK,ORD0012,41,37,
E000154,128,R03,IDLE,16,IDLE,,36,30,
E000155,130,R06,CHARGE,14,CHARGE,,17,73,
E000156,130,R09,IDLE,15,IDLE,,36,30,
E000157,130,R10,IDLE,7,IDLE,,52,50,
E000158,131,R01,IDLE,5,IDLE,,37,35,
E000159,133,R08,IDLE,9,IDLE,,22,18,
E000160,134,R05,IDLE,14,IDLE,,53,47,
E000161,136,R01,IDLE,15,IDLE,,35,32,
E000162,137,R10,IDLE,12,IDLE,,50,44,
E000163,138,R04,IDLE,10,IDLE,,21,19,
E000164,139,R07,WORK,7,PICK,ORD0009,100,92,
E000165,140,R02,IDLE,10,IDLE,,23,19,
E000166,142,R08,CHARGE,16,CHARGE,,18,100,
E000167,144,R03,IDLE,6,IDLE,,30,27,
E000168,144,R06,IDLE,8,IDLE,,73,69,
E000169,145,R09,IDLE,4,IDLE,,30,29,
E000170,146,R07,WORK,6,PICK,ORD0007,92,78,
E000171,148,R04,CHARGE,15,CHARGE,,19,91,
E000172,148,R05,IDLE,11,IDLE,,47,43,
E000173,149,R09,IDLE,14,IDLE,,29,25,
E000174,149,R10,WORK,10,PICK,ORD0013,44,21,
E000175,150,R02,CHARGE,18,CHARGE,,19,95,
E000176,150,R03,IDLE,14,IDLE,,27,25,
E000177,151,R01,WORK,11,PICK,ORD0011,32,14,
E000178,152,R06,WORK,6,PICK,ORD0011,69,55,
E000179,152,R07,IDLE,6,IDLE,,78,75,
E000180,158,R06,WORK,6,PICK,ORD0008,55,43,
E000181,158,R07,IDLE,11,IDLE,,75,69,
E000182,158,R08,WORK,12,PICK,ORD0004,100,73,
E000183,159,R05,WORK,9,PICK,ORD0004,43,27,
E000184,159,R10,IDLE,16,IDLE,,21,17,
E000185,162,R01,CHARGE,19,CHARGE,,14,100,
E000186,163,R04,IDLE,5,IDLE,,91,89,
E000187,163,R09,IDLE,7,IDLE,,25,23,
E000188,164,R03,WORK,11,PICK,ORD0008,25,12,
E000189,164,R06,WORK,10,PICK,ORD0011,43,29,
E000190,168,R02,IDLE,9,IDLE,,95,90,
E000191,168,R04,IDLE,11,IDLE,,89,86,
E000192,168,R05,IDLE,15,IDLE,,27,24,
E000193,169,R07,IDLE,10,IDLE,,69,64,
E000194,170,R08,IDLE,12,IDLE,,73,70,
E000195,170,R09,IDLE,6,IDLE,,23,22,
E000196,174,R06,IDLE,11,IDLE,,29,25,
E000197,175,R03,FAULT,7,,,12,10,NAV_ERROR
E000198,175,R10,CHARGE,13,CHARGE,,17,100,
E000199,176,R09,WORK,6,PICK,ORD0014,22,14,
E000200,177,R02,IDLE,12,IDLE,,90,87,
E000201,179,R04,WORK,6,PICK,ORD0005,86,73,
E000202,179,R07,IDLE,7,IDLE,,64,60,
E000203,181,R01,WORK,8,PICK,ORD0015,100,86,
E000204,182,R03,CHARGE,8,CHARGE,,10,43,
E000205,182,R08,WORK,9,PICK,ORD0012,70,60,
E000206,182,R09,CHARGE,9,CHARGE,,14,55,
E000207,183,R05,WORK,9,PICK,ORD0006,24,13,
E000208,185,R04,WORK,6,PICK,ORD0014,73,61,
E000209,185,R06,IDLE,13,IDLE,,25,22,
E000210,186,R07,IDLE,4,IDLE,,60,59,
E000211,188,R10,IDLE,16,IDLE,,100,93,
E000212,189,R01,IDLE,11,IDLE,,86,82,
E000213,189,R02,WORK,8,PICK,ORD0005,87,76,
E000214,190,R03,IDLE,10,IDLE,,43,38,
E000215,190,R07,WORK,11,PICK,ORD0013,59,37,
E000216,191,R04,WORK,6,PICK,ORD0005,61,49,
E000217,191,R08,WORK,8,PICK,ORD0011,60,50,
E000218,191,R09,WORK,5,PICK,ORD0014,55,49,
E000219,192,R05,CHARGE,8,CHARGE,,13,74,
E000220,196,R09,IDLE,12,IDLE,,49,45,
E000221,197,R02,WORK,9,PICK,ORD0010,76,63,
E000222,197,R04,WORK,9,PICK,ORD0003,49,33,
E000223,198,R06,WORK,7,PICK,ORD0007,22,8,
E000224,199,R08,WORK,8,PICK,ORD0013,50,31,
E000225,200,R01,WORK,9,PICK,ORD0005,82,69,
E000226,200,R03,IDLE,15,IDLE,,38,30,
E000227,200,R05,WORK,8,PICK,ORD0004,74,65,
E000228,201,R07,IDLE,14,IDLE,,37,32,
E000229,204,R10,WORK,3,PICK,ORD0004,93,87,
E000230,205,R06,CHARGE,6,CHARGE,,8,32,
E000231,206,R02,IDLE,7,IDLE,,63,62,
E000232,206,R04,WORK,4,PICK,ORD0010,33,26,
E000233,207,R08,IDLE,8,IDLE,,31,27,
E000234,207,R10,IDLE,6,IDLE,,87,85,
E000235,208,R05,IDLE,15,IDLE,,65,57,
E000236,208,R09,IDLE,16,IDLE,,45,37,
E000237,209,R01,IDLE,8,IDLE,,69,66,
E000238,210,R04,WORK,3,PICK,ORD0015,26,20,
E000239,211,R06,IDLE,10,IDLE,,32,30,
E000240,213,R02,IDLE,15,IDLE,,62,59,
E000241,213,R04,CHARGE,9,CHARGE,,20,85,
E000242,213,R10,WORK,6,PICK,ORD0002,85,72,
E000243,215,R03,IDLE,14,IDLE,,30,27,
E000244,215,R07,IDLE,5,IDLE,,32,30,
E000245,215,R08,IDLE,13,IDLE,,27,22,
E000246,217,R01,IDLE,9,IDLE,,66,62,
E000247,219,R10,IDLE,14,IDLE,,72,67,
E000248,220,R07,IDLE,12,IDLE,,30,26,
E000249,221,R06,IDLE,4,IDLE,,30,29,
E000250,222,R04,IDLE,11,IDLE,,85,81,
E000251,223,R05,WORK,8,PICK,ORD0011,57,41,
E000252,224,R09,IDLE,6,IDLE,,37,34,
E000253,225,R06,IDLE,15,IDLE,,29,24,
E000254,226,R01,IDLE,14,IDLE,,62,59,
E000255,228,R02,IDLE,16,IDLE,,59,55,
E000256,228,R08,IDLE,16,IDLE,,22,15,
E000257,229,R03,IDLE,10,IDLE,,27,22,
E000258,230,R09,IDLE,13,IDLE,,34,32,
E000259,231,R05,IDLE,7,IDLE,,41,40,
E000260,232,R07,IDLE,5,IDLE,,26,24,
E000261,233,R04,IDLE,11,IDLE,,81,79,
E000262,233,R10,IDLE,11,IDLE,,67,62,
E000263,237,R07,IDLE,14,IDLE,,24,20,
E000264,238,R05,IDLE,4,IDLE,,40,39,
E000265,239,R03,IDLE,9,IDLE,,22,17,
E000266,240,R01,WORK,6,PICK,ORD0006,59,51,
E000267,240,R06,IDLE,13,IDLE,,24,21,
E000268,242,R05,IDLE,8,IDLE,,39,37,
E000269,243,R09,IDLE,12,IDLE,,32,30,
E000270,244,R02,IDLE,5,IDLE,,55,54,
E000271,244,R04,IDLE,10,IDLE,,79,77,
E000272,244,R08,CHARGE,13,CHARGE,,15,71,
E000273,244,R10,IDLE,7,IDLE,,62,61,
E000274,246,R01,IDLE,14,IDLE,,51,46,
E000275,248,R03,CHARGE,17,CHARGE,,17,100,
E000276,249,R02,IDLE,16,IDLE,,54,49,
E000277,250,R05,WORK,7,PICK,ORD0004,37,26,
E000278,251,R07,CHARGE,9,CHARGE,,20,72,
E000279,251,R10,IDLE,13,IDLE,,61,54,
E000280,253,R06,IDLE,12,IDLE,,21,15,
E000281,254,R04,IDLE,10,IDLE,,77,75,
E000282,255,R09,IDLE,12,IDLE,,30,27,
E000283,257,R05,IDLE,15,IDLE,,26,22,
E000284,257,R08,IDLE,8,IDLE,,71,69,
E000285,260,R01,IDLE,5,IDLE,,46,44,
E000286,260,R07,IDLE,9,IDLE,,72,69,
E000287,264,R04,WORK,11,PICK,ORD0013,75,62,
E000288,264,R10,WORK,10,PICK,ORD0005,54,38,
E000289,265,R01,IDLE,12,IDLE,,44,40,
E000290,265,R02,IDLE,5,IDLE,,49,48,
E000291,265,R03,IDLE,8,IDLE,,100,96,
E000292,265,R06,CHARGE,9,CHARGE,,15,49,
E000293,265,R08,IDLE,8,IDLE,,69,65,
E000294,267,R09,WORK,11,PICK,ORD0003,27,13,
E000295,269,R07,IDLE,12,IDLE,,69,63,
E000296,270,R02,IDLE,6,IDLE,,48,45,
E000297,272,R05,IDLE,16,IDLE,,22,13,
E000298,273,R03,IDLE,4,IDLE,,96,94,
E000299,273,R08,IDLE,11,IDLE,,65,60,
E000300,274,R06,IDLE,9,IDLE,,49,45,
E000301,274,R10,IDLE,4,IDLE,,38,36,
E000302,275,R04,IDLE,11,IDLE,,62,60,
E000303,276,R02,WORK,4,PICK,ORD0007,45,38,
E000304,277,R01,IDLE,14,IDLE,,40,35,
E000305,277,R03,IDLE,6,IDLE,,94,91,
E000306,278,R09,CHARGE,18,CHARGE,,13,100,
E000307,278,R10,IDLE,8,IDLE,,36,34,
E000308,280,R02,IDLE,7,IDLE,,38,35,
E000309,281,R07,WORK,9,PICK,ORD0010,63,50,
E000310,283,R03,IDLE,16,IDLE,,91,88,
E000311,283,R06,IDLE,11,IDLE,,45,41,
E000312,284,R08,IDLE,8,IDLE,,60,57,
E000313,286,R04,IDLE,10,IDLE,,60,58,
E000314,286,R10,IDLE,13,IDLE,,34,30,
E000315,287,R02,IDLE,15,IDLE,,35,31,
E000316,288,R05,CHARGE,7,CHARGE,,13,48,
E000317,290,R07,IDLE,7,IDLE,,50,48,
E000318,291,R01,IDLE,8,IDLE,,35,32,
E000319,292,R08,IDLE,6,IDLE,,57,55,
E000320,294,R06,IDLE,12,IDLE,,41,35,
E000321,295,R05,WORK,3,PICK,ORD0007,48,41,
E000322,296,R04,IDLE,8,IDLE,,58,55,
E000323,296,R09,WORK,7,PICK,ORD0012,100,89,
E000324,297,R07,IDLE,5,IDLE,,48,46,
E000325,298,R05,IDLE,8,IDLE,,41,37,
E000326,298,R08,IDLE,14,IDLE,,55,49,
E000327,299,R01,IDLE,16,IDLE,,32,24,
E000328,299,R03,IDLE,10,IDLE,,88,84,
E000329,299,R10,IDLE,7,IDLE,,30,27,
E000330,302,R02,IDLE,8,IDLE,,31,29,
E000331,302,R07,IDLE,5,IDLE,,46,44,
E000332,303,R09,IDLE,16,IDLE,,89,85,
E000333,304,R04,IDLE,15,IDLE,,55,49,
E000334,306,R05,IDLE,8,IDLE,,37,33,
E000335,306,R06,IDLE,11,IDLE,,35,33,
E000336,306,R10,IDLE,15,IDLE,,27,21,
E000337,307,R07,IDLE,8,IDLE,,44,42,
E000338,309,R03,IDLE,11,IDLE,,84,79,
E000339,310,R02,IDLE,13,IDLE,,29,27,
E000340,312,R08,WORK,9,PICK,ORD0012,49,28,
E000341,314,R05,IDLE,5,IDLE,,33,32,
E000342,315,R01,IDLE,14,IDLE,,24,17,
E000343,315,R07,IDLE,13,IDLE,,42,36,
E000344,317,R06,IDLE,4,IDLE,,33,31,
E000345,319,R04,IDLE,14,IDLE,,49,43,
E000346,319,R05,IDLE,13,IDLE,,32,26,
E000347,319,R09,WORK,5,PICK,ORD0008,85,73,
E000348,320,R03,IDLE,8,IDLE,,79,77,
E000349,321,R06,IDLE,13,IDLE,,31,26,
E000350,321,R08,IDLE,11,IDLE,,28,26,
E000351,321,R10,IDLE,11,IDLE,,21,17,
E000352,323,R02,IDLE,9,IDLE,,27,25,
E000353,324,R09,IDLE,5,IDLE,,73,71,
E000354,328,R03,IDLE,9,IDLE,,77,74,
E000355,328,R07,IDLE,11,IDLE,,36,32,
E000356,329,R01,CHARGE,10,CHARGE,,17,76,
E000357,329,R09,IDLE,10,IDLE,,71,66,
E000358,332,R02,IDLE,12,IDLE,,25,19,
E000359,332,R05,WORK,4,PICK,ORD0006,26,19,
E000360,332,R08,IDLE,16,IDLE,,26,20,
E000361,332,R10,CHARGE,12,CHARGE,,17,100,
E000362,333,R04,IDLE,4,IDLE,,43,42,
E000363,334,R06,IDLE,12,IDLE,,26,24,
E000364,336,R05,CHARGE,13,CHARGE,,19,70,
E000365,337,R03,IDLE,7,IDLE,,74,71,
E000366,337,R04,IDLE,13,IDLE,,42,38,
E000367,339,R01,IDLE,14,IDLE,,76,70,
E000368,339,R07,IDLE,4,IDLE,,32,30,
E000369,339,R09,IDLE,12,IDLE,,66,63,
E000370,343,R07,IDLE,8,IDLE,,30,26,
E000371,344,R02,CHARGE,13,CHARGE,,19,100,
E000372,344,R03,IDLE,11,IDLE,,71,68,
E000373,344,R10,IDLE,14,IDLE,,100,96,
E000374,346,R06,IDLE,7,IDLE,,24,22,
E000375,348,R08,CHARGE,17,CHARGE,,20,92,
E000376,349,R05,WORK,11,PICK,ORD0001,70,56,
E000377,350,R04,IDLE,5,IDLE,,38,35,
E000378,351,R07,IDLE,5,IDLE,,26,24,
E000379,351,R09,IDLE,6,IDLE,,63,61,
E000380,353,R01,IDLE,15,IDLE,,70,63,
E000381,353,R06,IDLE,15,IDLE,,22,16,
E000382,355,R03,IDLE,11,IDLE,,68,62,
E000383,355,R04,IDLE,7,IDLE,,35,32,
E000384,356,R07,IDLE,6,IDLE,,24,22,
E000385,357,R02,IDLE,13,IDLE,,100,96,
E000386,357,R09,IDLE,6,IDLE,,61,58,
E000387,358,R10,IDLE,8,IDLE,,96,93,
E000388,360,R05,IDLE,10,IDLE,,56,51,
E000389,362,R04,IDLE,16,IDLE,,32,29,
E000390,362,R07,IDLE,4,IDLE,,22,20,
E000391,363,R09,IDLE,8,IDLE,,58,55,
E000392,365,R08,IDLE,13,IDLE,,92,89,
E000393,366,R03,IDLE,11,IDLE,,62,58,
E000394,366,R07,CHARGE,19,CHARGE,,20,100,
E000395,366,R10,IDLE,12,IDLE,,93,91,
E000396,368,R01,IDLE,9,IDLE,,63,60,
E000397,368,R06,CHARGE,14,CHARGE,,16,100,
E000398,370,R02,IDLE,10,IDLE,,96,93,
E000399,370,R05,IDLE,9,IDLE,,51,48,
E000400,371,R09,IDLE,15,IDLE,,55,50,
E000401,377,R01,IDLE,10,IDLE,,60,57,
E000402,377,R03,IDLE,16,IDLE,,58,50,
E000403,378,R04,IDLE,9,IDLE,,29,25,
E000404,378,R08,IDLE,15,IDLE,,89,86,
E000405,378,R10,IDLE,10,IDLE,,91,86,
E000406,379,R05,IDLE,14,IDLE,,48,41,
E000407,380,R02,IDLE,14,IDLE,,93,89,
E000408,382,R06,IDLE,11,IDLE,,100,95,
E000409,385,R07,IDLE,6,IDLE,,100,99,
E000410,386,R09,IDLE,13,IDLE,,50,43,
E000411,387,R01,IDLE,5,IDLE,,57,55,
E000412,387,R04,IDLE,11,IDLE,,25,20,
E000413,388,R10,IDLE,11,IDLE,,86,84,
E000414,391,R07,WORK,5,PICK,ORD0007,99,88,
E000415,392,R01,IDLE,5,IDLE,,55,54,
E000416,393,R03,IDLE,8,IDLE,,50,48,
E000417,393,R05,IDLE,15,IDLE,,41,38,
E000418,393,R06,IDLE,5,IDLE,,95,93,
E000419,393,R08,IDLE,14,IDLE,,86,83,
E000420,394,R02,IDLE,10,IDLE,,89,84,
E000421,396,R07,IDLE,14,IDLE,,88,82,
E000422,397,R01,IDLE,16,IDLE,,54,51,
E000423,398,R04,CHARGE,13,CHARGE,,20,66,
E000424,398,R06,IDLE,4,IDLE,,93,92,
E000425,399,R09,IDLE,7,IDLE,,43,40,
E000426,399,R10,IDLE,8,IDLE,,84,80,
E000427,401,R03,IDLE,15,IDLE,,48,44,
E000428,402,R06,IDLE,5,IDLE,,92,90,
E000429,404,R02,IDLE,15,IDLE,,84,81,
E000430,406,R09,IDLE,11,IDLE,,40,35,
E000431,407,R06,IDLE,8,IDLE,,90,86,
E000432,407,R08,IDLE,4,IDLE,,83,81,
E000433,407,R10,IDLE,4,IDLE,,80,78,
E000434,408,R05,IDLE,9,IDLE,,38,34,
E000435,410,R07,IDLE,7,IDLE,,82,81,
E000436,411,R04,IDLE,13,IDLE,,66,63,
E000437,411,R08,IDLE,6,IDLE,,81,80,
E000438,411,R10,WORK,4,PICK,ORD0010,78,71,
E000439,413,R01,IDLE,7,IDLE,,51,48,
E000440,415,R06,IDLE,13,IDLE,,86,81,
E000441,415,R10,WORK,10,PICK,ORD0011,71,49,
E000442,416,R03,IDLE,4,IDLE,,44,43,
E000443,417,R05,IDLE,11,IDLE,,34,29,
E000444,417,R07,IDLE,14,IDLE,,81,78,
E000445,417,R08,IDLE,5,IDLE,,80,79,
E000446,417,R09,IDLE,9,IDLE,,35,31,
E000447,419,R02,IDLE,8,IDLE,,81,77,
E000448,420,R01,IDLE,10,IDLE,,48,44,
E000449,420,R03,IDLE,11,IDLE,,43,41,
E000450,422,R08,IDLE,7,IDLE,,79,76,
E000451,424,R04,IDLE,11,IDLE,,63,61,
E000452,425,R10,WORK,9,PICK,ORD0010,49,29,
E000453,426,R09,IDLE,15,IDLE,,31,24,
E000454,427,R02,IDLE,14,IDLE,,77,74,
E000455,428,R05,IDLE,4,IDLE,,29,28,
E000456,428,R06,IDLE,14,IDLE,,81,78,
E000457,429,R08,IDLE,4,IDLE,,76,74,
E000458,430,R01,IDLE,15,IDLE,,44,39,
E000459,431,R03,IDLE,8,IDLE,,41,37,
E000460,431,R07,IDLE,7,IDLE,,78,75,
E000461,432,R05,IDLE,9,IDLE,,28,25,
E000462,433,R08,IDLE,7,IDLE,,74,73,
E000463,434,R10,IDLE,14,IDLE,,29,22,
E000464,435,R04,IDLE,16,IDLE,,61,57,
E000465,438,R07,IDLE,6,IDLE,,75,73,
E000466,439,R03,IDLE,14,IDLE,,37,31,
E000467,440,R08,IDLE,8,IDLE,,73,70,
E000468,441,R02,IDLE,4,IDLE,,74,72,
E000469,441,R05,IDLE,15,IDLE,,25,22,
E000470,441,R09,IDLE,8,IDLE,,24,21,
E000471,442,R06,IDLE,10,IDLE,,78,75,
E000472,444,R07,WORK,5,PICK,ORD0013,73,64,
E000473,445,R01,IDLE,12,IDLE,,39,37,
E000474,445,R02,IDLE,8,IDLE,,72,70,
E000475,448,R08,IDLE,8,IDLE,,70,68,
E000476,448,R10,IDLE,11,IDLE,,22,19,
E000477,449,R07,IDLE,8,IDLE,,64,61,
E000478,449,R09,IDLE,9,IDLE,,21,17,
E000479,451,R04,IDLE,11,IDLE,,57,53,
E000480,452,R06,IDLE,6,IDLE,,75,73,
E000481,453,R02,IDLE,7,IDLE,,70,68,
E000482,453,R03,IDLE,15,IDLE,,31,27,
E000483,456,R05,IDLE,10,IDLE,,22,18,
E000484,456,R08,IDLE,16,IDLE,,68,64,
E000485,457,R01,IDLE,5,IDLE,,37,36,
E000486,457,R07,IDLE,4,IDLE,,61,60,
E000487,458,R06,IDLE,5,IDLE,,73,71,
E000488,458,R09,CHARGE,13,CHARGE,,17,76,
E000489,459,R10,CHARGE,11,CHARGE,,19,86,
E000490,460,R02,IDLE,14,IDLE,,68,63,
E000491,461,R07,IDLE,10,IDLE,,60,56,
E000492,462,R01,IDLE,9,IDLE,,36,32,
E000493,462,R04,WORK,6,PICK,ORD0008,53,41,
E000494,463,R06,IDLE,12,IDLE,,71,68,
E000495,466,R05,CHARGE,11,CHARGE,,18,95,
E000496,468,R03,IDLE,7,IDLE,,27,24,
E000497,468,R04,IDLE,12,IDLE,,41,37,
E000498,470,R10,IDLE,10,IDLE,,86,82,
E000499,471,R01,IDLE,9,IDLE,,32,29,
E000500,471,R07,WORK,3,PICK,ORD0001,56,51,
E000501,471,R09,IDLE,5,IDLE,,76,74,
E000502,472,R08,IDLE,8,IDLE,,64,60,
E000503,474,R02,WORK,6,PICK,ORD0006,63,49,
E000504,474,R07,IDLE,6,IDLE,,51,49,
E000505,475,R03,IDLE,5,IDLE,,24,22,
E000506,475,R06,IDLE,5,IDLE,,68,66,
E000507,476,R09,IDLE,4,IDLE,,74,73,
E000508,477,R05,IDLE,3,IDLE,,95,94,
